country,iso2,iso3,indicator_used,unit,cts_code,sector,2005,2006,2007,2008,2009,2010,2011,2012,2013,2014,2015,2016
Philippines,PH,PHL,CO2 emissions in exports of domestic controlled enterprises,Metric tons of CO2,ECBIXD,Accommodation and food services,300.822061,745.2194822,779.4573113,389.0162687,344.9649435,378.0334614,534.3730055,927.5316698,779.8509638,704.3196699,813.2396249,1187.96479
Philippines,PH,PHL,CO2 emissions in exports of domestic controlled enterprises,Metric tons of CO2,ECBIXD,"Agriculture, forestry and fishing",117.8550579,187.7893328,115.0784213,106.3545951,82.23087713,176.6638541,201.8047194,213.9660788,235.1079027,216.244946,136.3344084,113.4486748
Philippines,PH,PHL,CO2 emissions in exports of domestic controlled enterprises,Metric tons of CO2,ECBIXD,"Arts, entertainment, recreation and other service activities",92.33922785,210.3622933,247.2387191,144.369316,147.636788,168.1791097,233.6003853,293.5305032,271.0817259,274.0178227,342.7371995,1978.780861
Philippines,PH,PHL,CO2 emissions in exports of domestic controlled enterprises,Metric tons of CO2,ECBIXD,Basic metals,3.849316616,38.79422625,31.14188644,36.37911205,28.21773481,44.12235968,59.76391741,67.69017702,41.36996427,61.70421614,78.28968306,77.07163978
Philippines,PH,PHL,CO2 emissions in exports of domestic controlled enterprises,Metric tons of CO2,ECBIXD,Chemicals and pharmaceutical products,34.97580664,69.45266654,57.92948177,61.35629543,61.83910109,148.6631906,126.4434094,221.7047004,173.896746,118.5917628,90.69534842,78.76884408
Philippines,PH,PHL,CO2 emissions in exports of domestic controlled enterprises,Metric tons of CO2,ECBIXD,Coke and refined petroleum products,121.8347592,163.8933601,140.6341172,122.9656474,49.55131432,89.04025145,64.13831129,110.7474643,174.0340115,85.53465192,117.033584,63.96307795
Philippines,PH,PHL,CO2 emissions in exports of domestic controlled enterprises,Metric tons of CO2,ECBIXD,"Computer, electronic and optical products",229.8880394,562.484341,193.2934174,327.6733696,329.5902656,451.4623419,344.1748933,580.1022371,696.055919,832.6683175,847.9298629,1116.664934
Philippines,PH,PHL,CO2 emissions in exports of domestic controlled enterprises,Metric tons of CO2,ECBIXD,Education,19.34639388,37.09311332,53.70081042,30.59025297,26.49953619,29.84652462,40.80995298,67.23348359,63.85795741,62.09596714,66.9041622,109.1329179
Philippines,PH,PHL,CO2 emissions in exports of domestic controlled enterprises,Metric tons of CO2,ECBIXD,Electrical equipment,562.110941,573.6258142,326.0631427,499.9435008,580.3505364,729.6731103,522.0595882,1542.437558,1227.49725,1031.897689,939.0349458,913.7722682
Philippines,PH,PHL,CO2 emissions in exports of domestic controlled enterprises,Metric tons of CO2,ECBIXD,Fabricated metal products,25.68115228,49.94123588,36.51059776,29.39319827,23.60525344,54.51733944,49.40145691,59.84098597,171.6506729,130.018203,102.8907745,61.04178661
Philippines,PH,PHL,CO2 emissions in exports of domestic controlled enterprises,Metric tons of CO2,ECBIXD,Financial and insurance activities,18.72272845,40.40330478,33.29400301,24.84429698,38.44896206,41.42531846,55.24397223,76.18219175,50.24484373,52.26988504,101.7946035,100.4142268
Philippines,PH,PHL,CO2 emissions in exports of domestic controlled enterprises,Metric tons of CO2,ECBIXD,"Food products, beverages and tobacco",394.790905,462.4250108,414.0058699,467.2188245,346.9131262,686.4215241,720.9414063,741.36777,713.7769635,634.3532506,576.9451171,530.0148708
Philippines,PH,PHL,CO2 emissions in exports of domestic controlled enterprises,Metric tons of CO2,ECBIXD,Human health and social work,12.87719942,34.83189427,47.60110565,26.12760461,21.4398289,22.84827599,31.54035721,42.31100679,56.1300095,52.86188193,50.79985093,45.93184013
Philippines,PH,PHL,CO2 emissions in exports of domestic controlled enterprises,Metric tons of CO2,ECBIXD,IT and other information services,5.245055532,18.94689621,45.03157012,89.45423539,86.73378802,116.172842,138.3876639,110.114993,202.8411183,153.3110857,147.5703976,260.4193516
Philippines,PH,PHL,CO2 emissions in exports of domestic controlled enterprises,Metric tons of CO2,ECBIXD,"Machinery and equipment, nec",59.20734673,40.0790229,93.46494734,91.23274594,98.65110715,142.1668315,124.5653133,81.58682234,250.7919495,265.7767085,304.6277094,268.4716293
Philippines,PH,PHL,CO2 emissions in exports of domestic controlled enterprises,Metric tons of CO2,ECBIXD,Mining and quarrying,6.710403225,6.581588793,15.65528958,11.27381521,5.798394203,11.06812245,17.43897778,25.08248649,32.60722787,23.43894916,17.79519206,25.27669453
Philippines,PH,PHL,CO2 emissions in exports of domestic controlled enterprises,Metric tons of CO2,ECBIXD,"Motor vehicles, trailers and semi-trailers",610.4514171,895.3238123,342.1035448,482.2719005,449.7225223,857.8680637,670.2615109,406.5604031,569.5755319,433.0026464,430.2515721,414.0172389
Philippines,PH,PHL,CO2 emissions in exports of domestic controlled enterprises,Metric tons of CO2,ECBIXD,Other business sector services,81.03988431,242.4854402,243.2983198,302.415661,413.3865075,501.3910192,589.3979973,677.3257503,731.4488829,810.0787763,961.0177317,996.836338
Philippines,PH,PHL,CO2 emissions in exports of domestic controlled enterprises,Metric tons of CO2,ECBIXD,"Other manufacturing, repair and installation of machinery and equipment",726.3950521,811.0838977,812.7120547,876.9581306,927.1432373,1609.891503,1886.187535,1836.330491,1945.624053,1994.677557,2780.078493,1817.022094
Philippines,PH,PHL,CO2 emissions in exports of domestic controlled enterprises,Metric tons of CO2,ECBIXD,Other non-metallic mineral products,96.16482524,220.6689727,52.63358478,33.84444327,27.10689648,35.95058543,25.05121302,48.36122679,40.44521167,54.36934398,13.26460844,13.07112265
Philippines,PH,PHL,CO2 emissions in exports of domestic controlled enterprises,Metric tons of CO2,ECBIXD,Other transport equipment,221.3321361,254.3832072,147.9544991,171.9787618,384.3470371,298.6537185,347.1748619,864.2072708,323.5576527,646.98681,837.0761019,700.6467412
Philippines,PH,PHL,CO2 emissions in exports of domestic controlled enterprises,Metric tons of CO2,ECBIXD,Paper products and printing,29.41077197,47.40835867,45.14230528,36.54391317,30.75942513,43.83602464,43.78596592,48.9381988,42.81161273,55.26033483,37.42511936,38.01866039
Philippines,PH,PHL,CO2 emissions in exports of domestic controlled enterprises,Metric tons of CO2,ECBIXD,"Publishing, audiovisual and broadcasting activities",5.449951999,12.84216526,14.32965862,8.251281755,6.6377486,7.20514819,9.693104365,14.35467508,10.89344602,10.00493663,10.40868307,11.86323679
Philippines,PH,PHL,CO2 emissions in exports of domestic controlled enterprises,Metric tons of CO2,ECBIXD,Real estate activities,48.91518595,148.3651658,146.9203157,104.9217461,125.4166542,152.8124169,181.439073,116.027349,165.1981805,175.0697023,260.488442,349.7483937
Philippines,PH,PHL,CO2 emissions in exports of domestic controlled enterprises,Metric tons of CO2,ECBIXD,Rubber and plastic products,42.16195776,66.66784721,57.88791599,78.71978269,70.84981,125.5160257,105.122422,306.148176,85.737165,81.95513109,82.93149225,101.7468669
Philippines,PH,PHL,CO2 emissions in exports of domestic controlled enterprises,Metric tons of CO2,ECBIXD,Telecommunications,170.4577545,225.7417078,204.228253,221.6208094,202.5391459,213.9053589,382.4307019,1078.531183,308.8520193,364.3013205,251.9579303,248.4871468
Philippines,PH,PHL,CO2 emissions in exports of domestic controlled enterprises,Metric tons of CO2,ECBIXD,"Textiles, wearing apparel, leather and related products",1058.452061,1401.944339,953.9336519,818.0413221,544.7997157,606.4980239,604.0646064,763.5263329,557.4100406,574.6372346,514.929343,402.8256347
Philippines,PH,PHL,CO2 emissions in exports of domestic controlled enterprises,Metric tons of CO2,ECBIXD,Transportation and storage,1367.01469,1220.804843,1574.927613,1587.177687,777.2526566,2170.727072,1827.978609,3564.921576,3026.288321,2289.155216,3526.164148,3183.81249
Philippines,PH,PHL,CO2 emissions in exports of domestic controlled enterprises,Metric tons of CO2,ECBIXD,"Wholesale and retail trade, repair of motor vehicles",618.8313373,970.3185561,668.9159179,723.2096219,629.0536564,964.7527355,869.0310389,1322.582534,1138.501525,1068.911383,918.7903257,203.8991687
Philippines,PH,PHL,CO2 emissions in exports of domestic controlled enterprises,Metric tons of CO2,ECBIXD,Wood and products of wood and cork,6.445568148,50.96620032,44.79984026,48.88464431,41.01729907,73.22424178,54.21417883,81.57517793,81.92716722,70.14521731,52.44816597,57.64916277
Philippines,PH,PHL,CO2 emissions in exports of foreign controlled multinational enterprises,Metric tons of CO2,ECBIXF,Accommodation and food services,111.7153415,128.3206557,76.493545,81.95793438,70.90606612,79.64508938,90.43696708,132.2316134,117.0742544,109.6988426,106.5051202,109.4246657
Philippines,PH,PHL,CO2 emissions in exports of foreign controlled multinational enterprises,Metric tons of CO2,ECBIXF,"Agriculture, forestry and fishing",1.846218259,0.256103086,0.135512871,0.11044591,0.081012702,0.14503119,0.156086472,0.149982501,0.152011574,0.138093033,0.08280754,0.068691314
Philippines,PH,PHL,CO2 emissions in exports of foreign controlled multinational enterprises,Metric tons of CO2,ECBIXF,"Arts, entertainment, recreation and other service activities",2.270645654,1.913220573,1.973406274,1.238743243,1.285840952,1.169702763,1.610623605,1.734363376,1.768401564,1.715122129,2.379384402,13.05451782
Philippines,PH,PHL,CO2 emissions in exports of foreign controlled multinational enterprises,Metric tons of CO2,ECBIXF,Basic metals,2.176563189,11.49949134,4.793871637,4.431892568,3.598300543,6.057432411,6.839405333,10.64089886,5.242463256,6.521866306,6.022360819,4.666354551
Philippines,PH,PHL,CO2 emissions in exports of foreign controlled multinational enterprises,Metric tons of CO2,ECBIXF,Chemicals and pharmaceutical products,62.81651962,77.42692089,96.46748187,71.21325162,61.01907756,139.4184301,116.8955398,155.0955016,193.1952828,110.3889638,85.03529772,75.55865405
Philippines,PH,PHL,CO2 emissions in exports of foreign controlled multinational enterprises,Metric tons of CO2,ECBIXF,Coke and refined petroleum products,222.8516072,374.7626444,80.52049926,35.05684969,17.56052212,128.168271,33.95554212,24.04439657,30.77109568,15.70586394,14.80792283,7.831472459
Philippines,PH,PHL,CO2 emissions in exports of foreign controlled multinational enterprises,Metric tons of CO2,ECBIXF,"Computer, electronic and optical products",403.9723364,958.0570599,661.1734982,870.3853382,981.3611756,1302.468002,1853.258343,2316.611656,1955.405967,1932.874457,1753.959915,1906.071778
Philippines,PH,PHL,CO2 emissions in exports of foreign controlled multinational enterprises,Metric tons of CO2,ECBIXF,Education,0.307061895,0.036266618,0.056258488,0.032099266,0.028885502,0.022658307,0.031800306,0.04933885,0.047830057,0.044032117,0.045144767,0.068735399
Philippines,PH,PHL,CO2 emissions in exports of foreign controlled multinational enterprises,Metric tons of CO2,ECBIXF,Electrical equipment,273.3544266,359.0333641,175.2904481,148.9621158,156.0483507,193.3790589,137.4467282,337.6272781,253.5727759,210.926478,169.0800376,152.535334
Philippines,PH,PHL,CO2 emissions in exports of foreign controlled multinational enterprises,Metric tons of CO2,ECBIXF,Fabricated metal products,15.04624435,18.00182257,24.08467204,18.61266222,20.52961702,31.56822424,26.19954988,34.10409632,93.14658412,66.70342729,44.89878479,24.14624101
Philippines,PH,PHL,CO2 emissions in exports of foreign controlled multinational enterprises,Metric tons of CO2,ECBIXF,Financial and insurance activities,5.353763188,10.76031995,6.325517245,5.847861658,7.095920218,6.884463101,7.809104908,10.77698917,6.179003616,7.091162737,11.04084864,8.280412502
Philippines,PH,PHL,CO2 emissions in exports of foreign controlled multinational enterprises,Metric tons of CO2,ECBIXF,"Food products, beverages and tobacco",23.15572811,29.9120588,24.38197195,28.32366543,22.46360749,44.56852704,47.38608213,45.62621767,39.31580029,33.65281734,25.85423513,22.7337504
Philippines,PH,PHL,CO2 emissions in exports of foreign controlled multinational enterprises,Metric tons of CO2,ECBIXF,Human health and social work,0.784991109,0.429184819,0.608111739,0.346423122,0.300787244,0.239419728,0.324985036,0.459925381,0.456164254,0.424421325,0.373910741,0.328472075
Philippines,PH,PHL,CO2 emissions in exports of foreign controlled multinational enterprises,Metric tons of CO2,ECBIXF,IT and other information services,24.49913704,40.72281907,59.44511291,78.95982811,99.03693496,126.1951735,150.5297998,238.8522956,213.536763,238.5282612,230.9194406,230.6169142
Philippines,PH,PHL,CO2 emissions in exports of foreign controlled multinational enterprises,Metric tons of CO2,ECBIXF,"Machinery and equipment, nec",196.7547272,346.3460721,216.3761928,226.6203823,222.0329379,292.0134323,252.1323666,610.356939,466.8131784,454.8558454,409.3924837,297.0286657
Philippines,PH,PHL,CO2 emissions in exports of foreign controlled multinational enterprises,Metric tons of CO2,ECBIXF,Mining and quarrying,3.472469291,4.304965014,2.748684402,6.238427192,4.928522761,5.133917782,4.49320637,10.88300531,7.382803834,10.08445828,4.420812667,6.464810281
Philippines,PH,PHL,CO2 emissions in exports of foreign controlled multinational enterprises,Metric tons of CO2,ECBIXF,"Motor vehicles, trailers and semi-trailers",346.9513508,454.4837473,563.2918591,692.0304766,474.2172947,743.0018852,671.1852302,699.9076269,697.120559,687.8403053,610.3097359,507.5128255
Philippines,PH,PHL,CO2 emissions in exports of foreign controlled multinational enterprises,Metric tons of CO2,ECBIXF,Other business sector services,83.35606814,161.3021519,162.5939086,184.7106672,153.9879752,200.7734682,178.9447477,292.4267599,235.7812553,193.9515991,188.3511821,174.4025729
Philippines,PH,PHL,CO2 emissions in exports of foreign controlled multinational enterprises,Metric tons of CO2,ECBIXF,"Other manufacturing, repair and installation of machinery and equipment",104.2018157,123.3037187,126.0634317,106.5627901,137.3858639,207.3134651,195.7379547,279.72218,241.8258958,257.00564,262.0749596,170.5879745
Philippines,PH,PHL,CO2 emissions in exports of foreign controlled multinational enterprises,Metric tons of CO2,ECBIXF,Other non-metallic mineral products,23.45209464,42.84724154,12.42890036,8.481251684,5.665326171,9.351048538,5.148847726,12.33075441,8.029725347,10.12474808,2.024189658,1.810382326
Philippines,PH,PHL,CO2 emissions in exports of foreign controlled multinational enterprises,Metric tons of CO2,ECBIXF,Other transport equipment,74.9938843,61.81036533,46.66078087,63.52077186,71.46473425,87.61452386,72.12124683,176.3575637,75.10907853,182.0141645,149.1534276,173.433733
Philippines,PH,PHL,CO2 emissions in exports of foreign controlled multinational enterprises,Metric tons of CO2,ECBIXF,Paper products and printing,18.26711672,23.46662684,30.85256153,23.7397736,18.33158019,30.52485003,27.56957359,27.17586082,20.92444108,27.67972836,17.17473164,16.3510908
Philippines,PH,PHL,CO2 emissions in exports of foreign controlled multinational enterprises,Metric tons of CO2,ECBIXF,"Publishing, audiovisual and broadcasting activities",2.325116564,2.963932376,2.820866177,1.799099323,2.26841095,2.300149719,3.032540527,6.140541954,4.40735029,4.95701959,4.256501451,3.571432009
Philippines,PH,PHL,CO2 emissions in exports of foreign controlled multinational enterprises,Metric tons of CO2,ECBIXF,Real estate activities,1.71373734,2.164949698,1.901034356,1.362812848,1.495461365,1.54048768,1.612554835,1.106887881,1.51911942,1.345860439,1.916403053,2.385793018
Philippines,PH,PHL,CO2 emissions in exports of foreign controlled multinational enterprises,Metric tons of CO2,ECBIXF,Rubber and plastic products,16.66662222,23.68288219,32.78005151,26.7625422,19.52131243,38.77430348,32.76763889,92.0821107,25.43519949,19.851463,19.30817611,20.30642206
Philippines,PH,PHL,CO2 emissions in exports of foreign controlled multinational enterprises,Metric tons of CO2,ECBIXF,Telecommunications,5.975434726,6.383695467,8.08367868,9.400892826,8.750997591,8.074280593,14.64191522,39.47742714,9.949908166,11.75338323,7.551599839,7.655259072
Philippines,PH,PHL,CO2 emissions in exports of foreign controlled multinational enterprises,Metric tons of CO2,ECBIXF,"Textiles, wearing apparel, leather and related products",23.66287185,61.10520063,33.86101432,24.34493736,18.13969094,21.55324563,19.68979953,29.02119798,17.21848347,20.62125413,16.71507055,13.15607061
Philippines,PH,PHL,CO2 emissions in exports of foreign controlled multinational enterprises,Metric tons of CO2,ECBIXF,Transportation and storage,420.33305,526.419089,600.3426431,498.8638737,483.080677,797.4603041,615.5796377,1759.567479,1195.455703,757.8786112,987.5145189,765.8683524
Philippines,PH,PHL,CO2 emissions in exports of foreign controlled multinational enterprises,Metric tons of CO2,ECBIXF,"Wholesale and retail trade, repair of motor vehicles",72.74821465,145.5427791,113.685946,118.1419925,86.45862205,140.4658046,122.8048186,246.80688,158.9389241,122.5502988,100.2856712,20.28861122
Philippines,PH,PHL,CO2 emissions in exports of foreign controlled multinational enterprises,Metric tons of CO2,ECBIXF,Wood and products of wood and cork,5.328029321,4.895652952,4.592109434,4.394351059,3.818163184,5.465160163,3.780594041,6.776538617,5.716736618,4.124852754,2.784381084,2.647944292
Philippines,PH,PHL,CO2 emissions in output of domestic controlled enterprises,Metric tons of CO2,ECBIOD,Accommodation and food services,1301.105183,2811.418806,1603.107806,1614.508512,1613.531872,1942.147843,2246.857656,4229.766483,3094.024837,2788.628936,3148.868061,3378.188274
Philippines,PH,PHL,CO2 emissions in output of domestic controlled enterprises,Metric tons of CO2,ECBIOD,"Agriculture, forestry and fishing",3245.583872,3530.326166,3518.25272,4488.731332,4374.424171,6137.976302,6626.711734,11473.33832,11061.31273,8977.777843,10004.70655,9039.692899
Philippines,PH,PHL,CO2 emissions in output of domestic controlled enterprises,Metric tons of CO2,ECBIOD,"Arts, entertainment, recreation and other service activities",3525.155347,5722.910527,5399.948136,5872.268408,5199.938106,6164.920845,6816.337641,9725.633807,8243.923403,7998.600335,8419.433413,9460.922806
Philippines,PH,PHL,CO2 emissions in output of domestic controlled enterprises,Metric tons of CO2,ECBIOD,Basic metals,16.33313235,64.4528653,35.35751259,73.78639506,79.61708023,107.2469637,117.38065,143.359272,108.3465882,133.2943047,197.9913784,211.6446632
Philippines,PH,PHL,CO2 emissions in output of domestic controlled enterprises,Metric tons of CO2,ECBIOD,Chemicals and pharmaceutical products,592.2166644,980.393257,630.1491385,771.0895847,792.0231458,1079.533515,812.1809065,1861.437557,1485.729896,1190.717135,1417.574384,1248.794785
Philippines,PH,PHL,CO2 emissions in output of domestic controlled enterprises,Metric tons of CO2,ECBIOD,Coke and refined petroleum products,845.2051205,901.381817,876.7260854,961.837485,1070.598884,1389.820867,1054.294694,2858.560833,3191.745297,2484.301327,4095.04857,3057.412166
Philippines,PH,PHL,CO2 emissions in output of domestic controlled enterprises,Metric tons of CO2,ECBIOD,"Computer, electronic and optical products",399.0691518,776.2191717,328.107358,550.4049615,542.1149918,780.9137653,683.1381707,1007.3679,1314.252572,1537.172399,1598.810731,2323.717296
Philippines,PH,PHL,CO2 emissions in output of domestic controlled enterprises,Metric tons of CO2,ECBIOD,Construction,7752.876555,9794.252041,9693.902819,10487.53948,10563.62535,13179.52979,10997.09688,17592.82719,19447.53912,19013.03533,20968.67881,20697.96136
Philippines,PH,PHL,CO2 emissions in output of domestic controlled enterprises,Metric tons of CO2,ECBIOD,Education,2957.605744,3745.280501,3643.615442,4293.038591,3954.58475,5035.490966,5068.655428,7069.666556,6846.502065,6618.394768,6952.737832,6711.637955
Philippines,PH,PHL,CO2 emissions in output of domestic controlled enterprises,Metric tons of CO2,ECBIOD,Electrical equipment,1004.471209,808.7657438,606.932711,1008.933783,1046.134171,1344.035749,1222.928965,1976.998039,1962.276373,1959.136854,1974.961361,2078.853977
Philippines,PH,PHL,CO2 emissions in output of domestic controlled enterprises,Metric tons of CO2,ECBIOD,"Electricity, gas, water supply, sewerage, waste and remediation services",29700.43685,34976.03604,42811.34313,49880.19705,46490.58387,54056.95217,58717.40714,78546.09806,80568.90338,80235.10817,87076.35509,82085.75395
Philippines,PH,PHL,CO2 emissions in output of domestic controlled enterprises,Metric tons of CO2,ECBIOD,Fabricated metal products,84.96984214,111.111352,101.7884105,153.4644112,130.2099316,265.2714427,240.9075753,338.9964595,497.2308684,498.310022,445.8751905,622.1908879
Philippines,PH,PHL,CO2 emissions in output of domestic controlled enterprises,Metric tons of CO2,ECBIOD,Financial and insurance activities,1365.567777,1995.07409,1695.260808,1785.311236,1541.610112,1645.793733,1555.663283,1924.848213,1857.531564,1703.680441,1805.230322,1595.10186
Philippines,PH,PHL,CO2 emissions in output of domestic controlled enterprises,Metric tons of CO2,ECBIOD,"Food products, beverages and tobacco",8324.826744,10416.49352,9680.075166,11054.63746,9766.837857,12289.10648,12929.39098,19594.49284,18824.92833,16249.12684,18133.61409,17402.80196
Philippines,PH,PHL,CO2 emissions in output of domestic controlled enterprises,Metric tons of CO2,ECBIOD,Human health and social work,996.7938182,1923.692676,1892.061334,2055.473661,1643.650492,1907.183693,2109.161965,2340.550348,4158.774753,3907.333621,3700.635922,3358.682736
Philippines,PH,PHL,CO2 emissions in output of domestic controlled enterprises,Metric tons of CO2,ECBIOD,IT and other information services,63.54900818,105.0213672,93.2208832,104.5054973,100.0082038,133.841582,160.4542854,140.5137773,239.6513789,187.256004,181.2117053,262.0338565
Philippines,PH,PHL,CO2 emissions in output of domestic controlled enterprises,Metric tons of CO2,ECBIOD,"Machinery and equipment, nec",197.8704954,66.34314349,190.3542702,274.2912,271.9827711,432.7794103,388.8792248,173.4833588,739.5285798,841.494934,837.9794032,1195.338544
Philippines,PH,PHL,CO2 emissions in output of domestic controlled enterprises,Metric tons of CO2,ECBIOD,Mining and quarrying,28.78753175,17.74400709,33.84899247,42.34054832,26.57341839,56.36648066,69.09375026,75.85778907,111.8379413,100.0240988,91.48398857,111.9296447
Philippines,PH,PHL,CO2 emissions in output of domestic controlled enterprises,Metric tons of CO2,ECBIOD,"Motor vehicles, trailers and semi-trailers",1470.574342,1564.671115,873.2054869,1232.484616,1234.250752,1875.575346,1701.463342,1213.370563,1839.071751,1432.90093,1448.860642,1618.071167
Philippines,PH,PHL,CO2 emissions in output of domestic controlled enterprises,Metric tons of CO2,ECBIOD,Other business sector services,481.9728397,1222.241047,690.5460133,786.1701184,836.952002,1032.498345,1105.693981,1432.087784,1570.254584,1533.921211,1650.130073,1764.358352
Philippines,PH,PHL,CO2 emissions in output of domestic controlled enterprises,Metric tons of CO2,ECBIOD,"Other manufacturing, repair and installation of machinery and equipment",2668.765775,2925.036584,3129.755602,3798.763305,3649.679365,5852.938701,6194.368761,6322.300186,7223.529049,6990.85428,8635.933816,8568.284326
Philippines,PH,PHL,CO2 emissions in output of domestic controlled enterprises,Metric tons of CO2,ECBIOD,Other non-metallic mineral products,748.1583046,862.495166,613.4292862,743.6625522,596.141208,905.7534129,953.3679636,1070.538339,1388.148544,1431.515549,1326.332908,1514.30716
Philippines,PH,PHL,CO2 emissions in output of domestic controlled enterprises,Metric tons of CO2,ECBIOD,Other transport equipment,428.3533858,686.4959176,508.8926984,723.5670682,824.629499,1023.533051,1073.602121,1352.731264,1668.86401,1483.114937,1599.352436,1827.406185
Philippines,PH,PHL,CO2 emissions in output of domestic controlled enterprises,Metric tons of CO2,ECBIOD,Paper products and printing,339.6312381,378.9982526,336.5211441,387.3556376,319.8134216,423.6994898,337.8090144,520.8917224,582.4384443,519.3664623,535.0910063,562.6545475
Philippines,PH,PHL,CO2 emissions in output of domestic controlled enterprises,Metric tons of CO2,ECBIOD,"Public admin. and defence, compulsory social security",2763.85128,4203.651846,3730.826138,4343.852899,3903.196492,5263.605162,5065.748317,8082.447971,7354.126362,6543.467765,6978.472089,6970.095207
Philippines,PH,PHL,CO2 emissions in output of domestic controlled enterprises,Metric tons of CO2,ECBIOD,"Publishing, audiovisual and broadcasting activities",251.8096034,453.9655222,429.6185002,506.4913131,434.5605496,578.7008137,634.6114915,826.4699623,767.4530411,667.4159561,707.937441,818.0146175
Philippines,PH,PHL,CO2 emissions in output of domestic controlled enterprises,Metric tons of CO2,ECBIOD,Real estate activities,2818.706965,4865.422428,3163.01651,3409.073347,3147.649305,3697.972231,3658.926814,4645.2812,4525.483574,4526.747242,4904.829683,4386.545886
Philippines,PH,PHL,CO2 emissions in output of domestic controlled enterprises,Metric tons of CO2,ECBIOD,Rubber and plastic products,1027.437281,1453.603245,1154.87551,1539.446354,1406.73364,1557.836161,1110.80975,1230.282373,1497.859507,1433.12673,1406.923592,1614.245228
Philippines,PH,PHL,CO2 emissions in output of domestic controlled enterprises,Metric tons of CO2,ECBIOD,Telecommunications,1325.40373,1797.374229,1581.393792,1781.814112,1509.151628,1645.014855,1804.769944,2327.996814,1706.538197,1794.877731,1649.58086,1477.747297
Philippines,PH,PHL,CO2 emissions in output of domestic controlled enterprises,Metric tons of CO2,ECBIOD,"Textiles, wearing apparel, leather and related products",2183.194263,2382.251823,2303.362372,2520.21723,1988.763459,2361.513591,2430.982292,3155.407112,2988.935931,2766.763748,2914.013258,2688.076634
Philippines,PH,PHL,CO2 emissions in output of domestic controlled enterprises,Metric tons of CO2,ECBIOD,Transportation and storage,4892.19717,7038.96848,5046.082584,5404.106552,2968.651854,7873.295487,6567.486121,13839.72805,12266.43382,9081.303512,11488.58578,10426.02524
Philippines,PH,PHL,CO2 emissions in output of domestic controlled enterprises,Metric tons of CO2,ECBIOD,"Wholesale and retail trade, repair of motor vehicles",4326.17478,5754.032221,5373.655572,6501.331824,6020.561595,8156.447374,7920.943152,12572.85974,11958.3432,10812.85316,10674.5336,10937.33817
Philippines,PH,PHL,CO2 emissions in output of domestic controlled enterprises,Metric tons of CO2,ECBIOD,Wood and products of wood and cork,79.95166746,171.9054957,121.1831083,136.728332,112.3936922,151.4414176,104.7769679,141.5712801,151.8462002,126.6416017,112.3846973,107.1158443
Philippines,PH,PHL,CO2 emissions in output of foreign controlled multinational enterprises,Metric tons of CO2,ECBIOF,Accommodation and food services,114.0786987,132.3435058,78.15933653,84.68425481,73.58636577,82.86799303,93.72429114,137.6297299,121.2133877,113.5852161,110.3393297,112.631321
Philippines,PH,PHL,CO2 emissions in output of foreign controlled multinational enterprises,Metric tons of CO2,ECBIOF,"Agriculture, forestry and fishing",9.165326321,4.816650882,4.142735517,4.664794759,4.312272597,5.044274118,5.12504913,8.043453589,7.155656846,5.73777827,6.079931514,5.478477797
Philippines,PH,PHL,CO2 emissions in output of foreign controlled multinational enterprises,Metric tons of CO2,ECBIOF,"Arts, entertainment, recreation and other service activities",15.60466891,52.07745184,43.13360202,50.40864666,45.29751584,42.8737663,46.99321642,57.48286054,53.77569587,50.07141681,58.45190751,62.41981461
Philippines,PH,PHL,CO2 emissions in output of foreign controlled multinational enterprises,Metric tons of CO2,ECBIOF,Basic metals,8.432045732,13.7408771,4.260814151,5.704062144,6.569451291,9.122871998,8.965386335,15.42415128,9.413291193,10.28163915,10.52585099,8.682535653
Philippines,PH,PHL,CO2 emissions in output of foreign controlled multinational enterprises,Metric tons of CO2,ECBIOF,Chemicals and pharmaceutical products,792.6922575,833.732715,789.6341084,675.0471468,587.9422097,741.9474182,556.6620095,979.2387253,1232.374207,833.2909101,1005.078833,907.9415551
Philippines,PH,PHL,CO2 emissions in output of foreign controlled multinational enterprises,Metric tons of CO2,ECBIOF,Coke and refined petroleum products,1238.370579,1485.196221,352.6250403,190.2952772,262.0275126,1389.234139,386.3906957,429.1745817,389.7268826,315.0767762,357.185708,257.5653876
Philippines,PH,PHL,CO2 emissions in output of foreign controlled multinational enterprises,Metric tons of CO2,ECBIOF,"Computer, electronic and optical products",473.4379424,934.6155556,686.2994246,979.4131601,1034.367165,1537.123878,2381.309605,2496.621476,2322.609942,2259.284599,1891.973934,2342.015671
Philippines,PH,PHL,CO2 emissions in output of foreign controlled multinational enterprises,Metric tons of CO2,ECBIOF,Construction,227.1940234,335.3112378,365.2570839,410.0657013,362.9741369,429.6008989,377.4253015,704.2488938,706.5656851,555.5503187,528.180111,450.3980789
Philippines,PH,PHL,CO2 emissions in output of foreign controlled multinational enterprises,Metric tons of CO2,ECBIOF,Education,2.472324741,3.669273515,3.819365134,4.515483746,4.311840437,3.826974474,3.953939899,5.194556863,5.131250412,4.692914494,4.690150804,4.226895652
Philippines,PH,PHL,CO2 emissions in output of foreign controlled multinational enterprises,Metric tons of CO2,ECBIOF,Electrical equipment,307.0890272,294.1895877,192.6466994,190.0293177,171.3385832,236.2637761,219.8125036,327.0254477,295.3428601,288.0260732,244.4466175,239.6719319
Philippines,PH,PHL,CO2 emissions in output of foreign controlled multinational enterprises,Metric tons of CO2,ECBIOF,"Electricity, gas, water supply, sewerage, waste and remediation services",797.6920779,949.3911966,1022.874933,1004.904668,1095.104927,985.1217435,805.8130337,1260.814517,1282.035602,1327.634731,1482.215538,1348.294973
Philippines,PH,PHL,CO2 emissions in output of foreign controlled multinational enterprises,Metric tons of CO2,ECBIOF,Fabricated metal products,28.32835133,23.25531939,31.19869924,40.63866728,43.37856324,58.65364963,51.15366065,67.1340937,85.19057509,87.47571065,60.8637877,81.37027793
Philippines,PH,PHL,CO2 emissions in output of foreign controlled multinational enterprises,Metric tons of CO2,ECBIOF,Financial and insurance activities,434.5108543,531.3351666,322.0808259,420.2298493,284.5113414,273.5136955,219.9058449,272.295781,228.4371473,231.1292739,195.7998903,131.5348337
Philippines,PH,PHL,CO2 emissions in output of foreign controlled multinational enterprises,Metric tons of CO2,ECBIOF,"Food products, beverages and tobacco",411.1849871,448.2962203,378.9604393,445.3372516,420.4564753,530.3528579,564.6805736,802.6794232,689.9545603,573.8650583,541.162029,496.9370465
Philippines,PH,PHL,CO2 emissions in output of foreign controlled multinational enterprises,Metric tons of CO2,ECBIOF,Human health and social work,10.45326369,23.72309697,24.17708129,27.27844723,23.06448143,19.9839288,21.73718436,25.47487091,33.80686897,31.37368057,27.24216931,24.03180962
Philippines,PH,PHL,CO2 emissions in output of foreign controlled multinational enterprises,Metric tons of CO2,ECBIOF,IT and other information services,58.92739621,74.51174845,60.99579416,80.66309506,101.2111384,129.0678078,153.5660615,243.6444844,218.2014994,243.2526686,235.9950529,231.6152809
Philippines,PH,PHL,CO2 emissions in output of foreign controlled multinational enterprises,Metric tons of CO2,ECBIOF,"Machinery and equipment, nec",273.8069252,292.0943631,223.8541668,344.263469,279.9460152,426.8929446,393.6452776,515.8626279,627.1261018,657.5112513,500.8726944,592.4864757
Philippines,PH,PHL,CO2 emissions in output of foreign controlled multinational enterprises,Metric tons of CO2,ECBIOF,Mining and quarrying,8.441815912,3.18532493,1.44431225,6.697530661,5.024417656,5.168952671,4.511815581,9.485256249,7.519429395,10.26271645,3.611912262,6.741029176
Philippines,PH,PHL,CO2 emissions in output of foreign controlled multinational enterprises,Metric tons of CO2,ECBIOF,"Motor vehicles, trailers and semi-trailers",498.9924612,469.7700935,950.344399,1192.822581,856.9366052,1117.255083,1131.855179,1358.109286,1481.931863,1491.341686,1346.478129,1280.073233
Philippines,PH,PHL,CO2 emissions in output of foreign controlled multinational enterprises,Metric tons of CO2,ECBIOF,Other business sector services,172.3864762,205.0538621,168.3933635,193.6085128,161.2078008,211.0774871,191.4538335,305.7597534,253.4174829,207.5188282,199.7474088,187.1558243
Philippines,PH,PHL,CO2 emissions in output of foreign controlled multinational enterprises,Metric tons of CO2,ECBIOF,"Other manufacturing, repair and installation of machinery and equipment",174.2101766,235.9063335,243.0629794,211.2628716,191.7929567,253.6846307,227.5846416,389.0496887,378.0548766,362.9323647,285.5306111,313.9625769
Philippines,PH,PHL,CO2 emissions in output of foreign controlled multinational enterprises,Metric tons of CO2,ECBIOF,Other non-metallic mineral products,71.84681077,73.56563678,65.34123596,85.99412611,57.1423923,108.6916851,90.22862407,120.7345775,127.2654931,123.8555733,91.74140928,97.15202037
Philippines,PH,PHL,CO2 emissions in output of foreign controlled multinational enterprises,Metric tons of CO2,ECBIOF,Other transport equipment,82.24925046,92.0681414,83.63949699,141.0606221,75.97597034,154.5865799,109.5188421,168.4860384,193.401454,186.9959599,146.9088139,207.4305094
Philippines,PH,PHL,CO2 emissions in output of foreign controlled multinational enterprises,Metric tons of CO2,ECBIOF,Paper products and printing,99.58933311,100.874026,119.7211528,131.2998224,99.68132429,152.6741019,112.6532512,155.1173995,153.8589012,139.6046653,132.9340535,130.0062318
Philippines,PH,PHL,CO2 emissions in output of foreign controlled multinational enterprises,Metric tons of CO2,ECBIOF,"Publishing, audiovisual and broadcasting activities",71.76830524,104.7714993,84.57960335,110.4338607,148.5067119,184.7478305,198.5419598,353.5551363,310.5075851,330.6861302,289.5097796,246.2732855
Philippines,PH,PHL,CO2 emissions in output of foreign controlled multinational enterprises,Metric tons of CO2,ECBIOF,Real estate activities,23.8165947,32.69240468,18.96353339,20.27172211,16.9227828,16.61472674,14.44278247,20.46268974,18.86527929,15.70620487,15.96900362,13.05896535
Philippines,PH,PHL,CO2 emissions in output of foreign controlled multinational enterprises,Metric tons of CO2,ECBIOF,Rubber and plastic products,145.6289939,197.5555998,222.8875694,178.6941782,144.9156175,159.4228756,123.5516254,79.93762039,186.5702452,149.9048706,140.3178217,137.0083513
Philippines,PH,PHL,CO2 emissions in output of foreign controlled multinational enterprises,Metric tons of CO2,ECBIOF,Telecommunications,29.19303846,50.82859367,62.5962388,75.57441436,65.19861743,62.09265609,69.09873411,85.21530237,54.97985114,57.91119586,49.4423631,45.52519826
Philippines,PH,PHL,CO2 emissions in output of foreign controlled multinational enterprises,Metric tons of CO2,ECBIOF,"Textiles, wearing apparel, leather and related products",30.0930062,72.52979339,53.85154563,47.84352569,41.51927529,52.34213422,49.14914394,73.85785264,55.94046485,60.42190619,56.74752083,52.32745061
Philippines,PH,PHL,CO2 emissions in output of foreign controlled multinational enterprises,Metric tons of CO2,ECBIOF,Transportation and storage,439.1901988,658.2830182,620.9527658,517.0245779,502.7207551,829.4036242,643.1090482,1826.568478,1250.306729,787.1491196,1024.662829,794.5139233
Philippines,PH,PHL,CO2 emissions in output of foreign controlled multinational enterprises,Metric tons of CO2,ECBIOF,"Wholesale and retail trade, repair of motor vehicles",219.9667132,323.188187,329.9077175,379.6491039,298.7660517,431.720947,404.6616047,837.4961224,596.1971264,443.749458,413.2389779,388.0071587
Philippines,PH,PHL,CO2 emissions in output of foreign controlled multinational enterprises,Metric tons of CO2,ECBIOF,Wood and products of wood and cork,7.478212848,5.256600309,5.130851912,4.856622457,4.244150207,5.850298763,4.048868201,7.255016397,6.07519312,4.360251677,2.981979243,2.833820003
Philippines,PH,PHL,CO2 emissions per unit of output for foreign controlled multinational enterprises,Metric tons of CO2 per million US$ of output,ECBIPF,Accommodation and food services,0.718302032,0.693139099,0.391207234,0.370811844,0.370838621,0.389467071,0.368999597,0.492352918,0.418515296,0.36369357,0.373280341,0.35255598
Philippines,PH,PHL,CO2 emissions per unit of output for foreign controlled multinational enterprises,Metric tons of CO2 per million US$ of output,ECBIPF,"Agriculture, forestry and fishing",0.888443678,0.561747961,0.401084354,0.365971711,0.3862734,0.402953386,0.332366326,0.481506438,0.408043685,0.318514157,0.344047785,0.305804121
Philippines,PH,PHL,CO2 emissions per unit of output for foreign controlled multinational enterprises,Metric tons of CO2 per million US$ of output,ECBIPF,"Arts, entertainment, recreation and other service activities",0.630029463,0.936014738,0.644746005,0.621565451,0.660217364,0.693161247,0.637814744,0.695671911,0.636430915,0.574082803,0.573763142,0.561707655
Philippines,PH,PHL,CO2 emissions per unit of output for foreign controlled multinational enterprises,Metric tons of CO2 per million US$ of output,ECBIPF,Basic metals,2.36340624,2.831992433,2.238644066,1.887258595,2.335780698,2.215792077,1.560480971,2.40615865,2.365748815,2.334353993,1.974952325,1.562116766
Philippines,PH,PHL,CO2 emissions per unit of output for foreign controlled multinational enterprises,Metric tons of CO2 per million US$ of output,ECBIPF,Chemicals and pharmaceutical products,1.036401241,1.137547343,0.884358656,0.76794914,0.758527147,0.91031951,0.609166945,1.149743802,1.020674759,0.710903101,0.831446486,0.669992896
Philippines,PH,PHL,CO2 emissions per unit of output for foreign controlled multinational enterprises,Metric tons of CO2 per million US$ of output,ECBIPF,Coke and refined petroleum products,7.559075,8.045537559,1.328391591,0.641748968,1.00487861,3.772301612,0.712348399,0.861893109,0.845426208,0.81224219,0.822472433,0.685961553
Philippines,PH,PHL,CO2 emissions per unit of output for foreign controlled multinational enterprises,Metric tons of CO2 per million US$ of output,ECBIPF,"Computer, electronic and optical products",0.277663615,0.328012433,0.25446546,0.275827033,0.299480255,0.326077773,0.39379909,0.46489494,0.42497957,0.405078447,0.433333706,0.438517465
Philippines,PH,PHL,CO2 emissions per unit of output for foreign controlled multinational enterprises,Metric tons of CO2 per million US$ of output,ECBIPF,Construction,0.72828686,0.838096863,0.730738961,0.684417735,0.787836988,0.801621493,0.596301931,1.034721921,0.944724932,0.706393598,0.711631974,0.602184095
Philippines,PH,PHL,CO2 emissions per unit of output for foreign controlled multinational enterprises,Metric tons of CO2 per million US$ of output,ECBIPF,Education,0.884901128,0.63347428,0.53679979,0.546059238,0.51092852,0.553528528,0.490501491,0.596510218,0.543000513,0.495564896,0.507080014,0.459965357
Philippines,PH,PHL,CO2 emissions per unit of output for foreign controlled multinational enterprises,Metric tons of CO2 per million US$ of output,ECBIPF,Electrical equipment,0.765933681,0.757596141,0.578305887,0.594640871,0.765832693,0.709068742,0.627101788,0.90275118,0.89694283,0.875948126,0.818135025,0.77646313
Philippines,PH,PHL,CO2 emissions per unit of output for foreign controlled multinational enterprises,Metric tons of CO2 per million US$ of output,ECBIPF,"Electricity, gas, water supply, sewerage, waste and remediation services",3.060032934,3.177785741,2.654165491,2.195529862,2.659772453,2.793049178,1.807677559,2.713392276,2.618722965,2.462583773,2.945617283,2.708936554
Philippines,PH,PHL,CO2 emissions per unit of output for foreign controlled multinational enterprises,Metric tons of CO2 per million US$ of output,ECBIPF,Fabricated metal products,1.169434389,1.270888769,1.098531618,1.015547646,1.256691127,1.060033586,0.810182426,1.177770789,1.248418537,1.159886392,1.14580877,0.952516804
Philippines,PH,PHL,CO2 emissions per unit of output for foreign controlled multinational enterprises,Metric tons of CO2 per million US$ of output,ECBIPF,Financial and insurance activities,0.308966893,0.376007867,0.229124986,0.229459072,0.20776111,0.217751827,0.184230778,0.239760554,0.20513273,0.182396433,0.186027257,0.162349202
Philippines,PH,PHL,CO2 emissions per unit of output for foreign controlled multinational enterprises,Metric tons of CO2 per million US$ of output,ECBIPF,"Food products, beverages and tobacco",0.546170052,0.485765963,0.335587009,0.329606414,0.315346842,0.345786861,0.313157153,0.4403519,0.390966881,0.318012836,0.327032117,0.3009288
Philippines,PH,PHL,CO2 emissions per unit of output for foreign controlled multinational enterprises,Metric tons of CO2 per million US$ of output,ECBIPF,Human health and social work,0.610119604,0.743795318,0.595766107,0.596865168,0.568478891,0.562621287,0.523215313,0.556359811,0.736581824,0.656343557,0.595074461,0.524501922
Philippines,PH,PHL,CO2 emissions per unit of output for foreign controlled multinational enterprises,Metric tons of CO2 per million US$ of output,ECBIPF,IT and other information services,0.251107667,0.338704611,0.244252361,0.263259033,0.261226918,0.284506204,0.291297763,0.375705209,0.308222242,0.280497418,0.263831739,0.270937301
Philippines,PH,PHL,CO2 emissions per unit of output for foreign controlled multinational enterprises,Metric tons of CO2 per million US$ of output,ECBIPF,"Machinery and equipment, nec",0.791142505,0.940712599,0.677069294,0.726850737,0.860607219,0.789900218,0.657874896,0.982723532,0.940765373,0.904163801,0.902340077,0.853840168
Philippines,PH,PHL,CO2 emissions per unit of output for foreign controlled multinational enterprises,Metric tons of CO2 per million US$ of output,ECBIPF,Mining and quarrying,0.715314667,0.831866413,0.585549119,0.636869025,0.643323673,0.62229463,0.431379088,0.921879151,0.861641376,0.767214589,0.705032654,0.592429279
Philippines,PH,PHL,CO2 emissions per unit of output for foreign controlled multinational enterprises,Metric tons of CO2 per million US$ of output,ECBIPF,"Motor vehicles, trailers and semi-trailers",0.829534222,0.932283301,0.647331486,0.668895389,0.768791602,0.681932634,0.584527451,0.710855942,0.725630673,0.671230196,0.620028525,0.550458031
Philippines,PH,PHL,CO2 emissions per unit of output for foreign controlled multinational enterprises,Metric tons of CO2 per million US$ of output,ECBIPF,Other business sector services,0.39063389,0.527428112,0.358787464,0.3672594,0.361247466,0.411424702,0.348822046,0.523782974,0.428447129,0.329593914,0.322481828,0.287536582
Philippines,PH,PHL,CO2 emissions per unit of output for foreign controlled multinational enterprises,Metric tons of CO2 per million US$ of output,ECBIPF,"Other manufacturing, repair and installation of machinery and equipment",0.687911325,0.695798791,0.639458949,0.523615729,0.601990268,0.587115426,0.497115579,0.756927371,0.717806238,0.61741809,0.596459106,0.511055688
Philippines,PH,PHL,CO2 emissions per unit of output for foreign controlled multinational enterprises,Metric tons of CO2 per million US$ of output,ECBIPF,Other non-metallic mineral products,1.767004419,2.302883304,1.781035655,1.739615562,1.636532326,1.840656528,1.33723195,2.024983652,1.891892894,1.695969501,1.568091916,1.316594001
Philippines,PH,PHL,CO2 emissions per unit of output for foreign controlled multinational enterprises,Metric tons of CO2 per million US$ of output,ECBIPF,Other transport equipment,0.683579613,0.75329539,0.589473143,0.804083445,0.758544817,0.948951976,0.592671107,1.023847052,0.9841198,1.011874748,0.739801873,0.947011339
Philippines,PH,PHL,CO2 emissions per unit of output for foreign controlled multinational enterprises,Metric tons of CO2 per million US$ of output,ECBIPF,Paper products and printing,1.326184419,1.541933102,1.278088392,1.21667167,1.152003318,1.257419992,0.923819423,1.336736773,1.22973717,1.04825427,1.056082467,0.926193291
Philippines,PH,PHL,CO2 emissions per unit of output for foreign controlled multinational enterprises,Metric tons of CO2 per million US$ of output,ECBIPF,"Publishing, audiovisual and broadcasting activities",0.543720045,0.74170692,0.496732874,0.504070071,0.479268218,0.52158965,0.484304952,0.668466497,0.558052921,0.49245123,0.46639193,0.45680126
Philippines,PH,PHL,CO2 emissions per unit of output for foreign controlled multinational enterprises,Metric tons of CO2 per million US$ of output,ECBIPF,Real estate activities,0.322669964,0.28109511,0.131800723,0.114503218,0.118949353,0.12094315,0.090351498,0.114327423,0.10488082,0.082921752,0.087929602,0.071584524
Philippines,PH,PHL,CO2 emissions per unit of output for foreign controlled multinational enterprises,Metric tons of CO2 per million US$ of output,ECBIPF,Rubber and plastic products,0.959122163,1.11647591,0.901630287,0.777623902,0.784992133,0.874367642,0.651019083,0.994049102,0.911309219,0.713923646,0.763961442,0.657108714
Philippines,PH,PHL,CO2 emissions per unit of output for foreign controlled multinational enterprises,Metric tons of CO2 per million US$ of output,ECBIPF,Telecommunications,0.441332099,0.353491558,0.29253729,0.312957068,0.291768257,0.314120731,0.339402658,0.428756872,0.342258475,0.327350405,0.302177264,0.293309535
Philippines,PH,PHL,CO2 emissions per unit of output for foreign controlled multinational enterprises,Metric tons of CO2 per million US$ of output,ECBIPF,"Textiles, wearing apparel, leather and related products",0.878622006,0.724336328,0.519134949,0.510229463,0.484162482,0.555726551,0.442553839,0.672204287,0.542273333,0.520283883,0.509625536,0.474465241
Philippines,PH,PHL,CO2 emissions per unit of output for foreign controlled multinational enterprises,Metric tons of CO2 per million US$ of output,ECBIPF,Transportation and storage,1.823905337,1.775703954,1.349809405,1.093248051,1.161045416,1.548152421,1.241635111,2.526880061,2.032677553,1.130215518,1.526124121,1.211822729
Philippines,PH,PHL,CO2 emissions per unit of output for foreign controlled multinational enterprises,Metric tons of CO2 per million US$ of output,ECBIPF,"Wholesale and retail trade, repair of motor vehicles",0.508568526,0.522395362,0.410928924,0.405958645,0.381763142,0.475363037,0.378918606,0.692763874,0.54620672,0.388770768,0.400298342,0.348120746
Philippines,PH,PHL,CO2 emissions per unit of output for foreign controlled multinational enterprises,Metric tons of CO2 per million US$ of output,ECBIPF,Wood and products of wood and cork,1.003061393,1.080421085,0.802052996,0.766717586,0.755820606,0.885166438,0.595807687,1.084693541,0.904976975,0.670201371,0.692093202,0.551604593
Philippines,PH,PHL,CO2 emissions per unit of output of domestic controlled enterprises,Metric tons of CO2 per million US$ of output,ECBIPD,Accommodation and food services,0.540668293,0.706554874,0.408886105,0.397431423,0.391503082,0.414345668,0.388098717,0.518264836,0.439689404,0.379016451,0.406283345,0.384314026
Philippines,PH,PHL,CO2 emissions per unit of output of domestic controlled enterprises,Metric tons of CO2 per million US$ of output,ECBIPD,"Agriculture, forestry and fishing",0.487123546,0.519169514,0.362690656,0.344785643,0.331514773,0.361434038,0.314295241,0.472550333,0.425282306,0.328937377,0.353297137,0.31660662
Philippines,PH,PHL,CO2 emissions per unit of output of domestic controlled enterprises,Metric tons of CO2 per million US$ of output,ECBIPD,"Arts, entertainment, recreation and other service activities",0.792259583,1.051530339,0.754660623,0.725219862,0.751066896,0.776687715,0.715158688,0.752483983,0.67915507,0.628340311,0.638197554,0.625837349
Philippines,PH,PHL,CO2 emissions per unit of output of domestic controlled enterprises,Metric tons of CO2 per million US$ of output,ECBIPD,Basic metals,3.900058839,3.839271298,3.021014362,3.033975016,3.482028721,3.025253601,2.570176904,3.291812011,3.263914422,3.786488267,3.914805086,3.922536568
Philippines,PH,PHL,CO2 emissions per unit of output of domestic controlled enterprises,Metric tons of CO2 per million US$ of output,ECBIPD,Chemicals and pharmaceutical products,1.499791062,1.640489344,1.277574518,1.137151029,1.095752897,1.219487525,0.885599418,1.336274624,1.209796472,0.960652832,1.053555148,0.896419261
Philippines,PH,PHL,CO2 emissions per unit of output of domestic controlled enterprises,Metric tons of CO2 per million US$ of output,ECBIPD,Coke and refined petroleum products,1.461133559,1.326542716,1.015224884,0.879452906,0.968019754,0.999319634,0.596042108,1.094295984,1.092718462,0.860860772,1.115307939,0.950563086
Philippines,PH,PHL,CO2 emissions per unit of output of domestic controlled enterprises,Metric tons of CO2 per million US$ of output,ECBIPD,"Computer, electronic and optical products",0.298499147,0.348829352,0.247400035,0.265421942,0.280836948,0.306077533,0.367633935,0.427456878,0.404434643,0.375990363,0.3533153,0.373677046
Philippines,PH,PHL,CO2 emissions per unit of output of domestic controlled enterprises,Metric tons of CO2 per million US$ of output,ECBIPD,Construction,0.97565082,1.047470842,0.889193672,0.839232333,0.898709018,0.899623047,0.715439859,0.992949964,0.991110625,0.923665505,0.94866927,0.859201323
Philippines,PH,PHL,CO2 emissions per unit of output of domestic controlled enterprises,Metric tons of CO2 per million US$ of output,ECBIPD,Education,0.581735007,0.651718552,0.559537886,0.561224169,0.524471518,0.563023039,0.503383221,0.614591676,0.556270906,0.516117875,0.525157731,0.478733984
Philippines,PH,PHL,CO2 emissions per unit of output of domestic controlled enterprises,Metric tons of CO2 per million US$ of output,ECBIPD,Electrical equipment,0.883616744,0.888508976,0.647365546,0.682485081,0.832034087,0.7436502,0.659559981,0.949403832,0.944808151,0.936301933,0.908017618,0.875973188
Philippines,PH,PHL,CO2 emissions per unit of output of domestic controlled enterprises,Metric tons of CO2 per million US$ of output,ECBIPD,"Electricity, gas, water supply, sewerage, waste and remediation services",10.01349752,10.54961044,9.841906597,9.586469844,9.023856359,9.00482941,7.865060171,9.234552862,8.928416467,8.821889311,8.965754069,8.236421492
Philippines,PH,PHL,CO2 emissions per unit of output of domestic controlled enterprises,Metric tons of CO2 per million US$ of output,ECBIPD,Fabricated metal products,1.75092969,1.801653819,1.347689362,1.287034338,1.45467837,1.2940737,1.068394573,1.379771737,1.423264114,1.44509671,1.473086729,1.350367131
Philippines,PH,PHL,CO2 emissions per unit of output of domestic controlled enterprises,Metric tons of CO2 per million US$ of output,ECBIPD,Financial and insurance activities,0.339226032,0.422714652,0.271877548,0.269019274,0.249857291,0.252987206,0.219644499,0.280895366,0.237346455,0.217430808,0.204891317,0.180918718
Philippines,PH,PHL,CO2 emissions per unit of output of domestic controlled enterprises,Metric tons of CO2 per million US$ of output,ECBIPD,"Food products, beverages and tobacco",0.443929512,0.485438019,0.340588473,0.335872244,0.309547608,0.342038605,0.309874884,0.425612884,0.380559367,0.316936502,0.338572768,0.312152395
Philippines,PH,PHL,CO2 emissions per unit of output of domestic controlled enterprises,Metric tons of CO2 per million US$ of output,ECBIPD,Human health and social work,0.498045388,0.746514352,0.603952669,0.582445644,0.534231202,0.548320003,0.519086589,0.549940162,0.729318155,0.655639096,0.594643999,0.52406499
Philippines,PH,PHL,CO2 emissions per unit of output of domestic controlled enterprises,Metric tons of CO2 per million US$ of output,ECBIPD,IT and other information services,0.305532674,0.390428927,0.285090019,0.307838083,0.298006585,0.324376143,0.331080513,0.415664734,0.350530449,0.318981778,0.294644586,0.314519247
Philippines,PH,PHL,CO2 emissions per unit of output of domestic controlled enterprises,Metric tons of CO2 per million US$ of output,ECBIPD,"Machinery and equipment, nec",0.971148824,1.173588282,0.824767959,0.863047742,0.951562726,0.892466021,0.762117209,1.018719225,1.006212547,1.031773684,1.077536019,1.091637866
Philippines,PH,PHL,CO2 emissions per unit of output of domestic controlled enterprises,Metric tons of CO2 per million US$ of output,ECBIPD,Mining and quarrying,1.592610781,1.70985583,1.532393024,1.368966318,1.217532679,1.228171762,1.112539755,1.387908253,1.373571092,1.391064603,1.381088736,1.256204627
Philippines,PH,PHL,CO2 emissions per unit of output of domestic controlled enterprises,Metric tons of CO2 per million US$ of output,ECBIPD,"Motor vehicles, trailers and semi-trailers",1.166520464,1.344236417,0.892611873,0.941275627,0.954625849,0.888530961,0.767858029,0.778769378,0.903309335,0.680049648,0.652669919,0.612405817
Philippines,PH,PHL,CO2 emissions per unit of output of domestic controlled enterprises,Metric tons of CO2 per million US$ of output,ECBIPD,Other business sector services,0.586832418,0.753078839,0.518505837,0.513160649,0.499684999,0.531789017,0.480516945,0.575132527,0.524891186,0.497071342,0.517135516,0.514242736
Philippines,PH,PHL,CO2 emissions per unit of output of domestic controlled enterprises,Metric tons of CO2 per million US$ of output,ECBIPD,"Other manufacturing, repair and installation of machinery and equipment",2.014494286,2.129242845,1.844919006,1.896246724,1.905148179,2.376358976,2.24220653,2.149350715,2.355732927,2.177237278,2.394698325,2.212763757
Philippines,PH,PHL,CO2 emissions per unit of output of domestic controlled enterprises,Metric tons of CO2 per million US$ of output,ECBIPD,Other non-metallic mineral products,4.451840257,4.303633756,3.373971973,2.928365821,2.971687719,2.921182283,2.636431759,3.140035433,3.442991897,3.226010828,3.096389571,2.689256291
Philippines,PH,PHL,CO2 emissions per unit of output of domestic controlled enterprises,Metric tons of CO2 per million US$ of output,ECBIPD,Other transport equipment,0.944149945,1.064570711,0.825274945,0.868738591,1.019082278,0.951760644,0.856487325,1.045633633,0.993496612,0.882872273,0.933434215,0.909248831
Philippines,PH,PHL,CO2 emissions per unit of output of domestic controlled enterprises,Metric tons of CO2 per million US$ of output,ECBIPD,Paper products and printing,1.997276236,2.05875243,1.66532112,1.554005062,1.551647972,1.63993958,1.245599204,1.579309608,1.480442185,1.258142846,1.239884605,1.130917945
Philippines,PH,PHL,CO2 emissions per unit of output of domestic controlled enterprises,Metric tons of CO2 per million US$ of output,ECBIPD,"Public admin. and defence, compulsory social security",0.503651702,0.617646812,0.48392512,0.486724979,0.445302208,0.507816319,0.432098514,0.59997655,0.514914165,0.437807582,0.450517269,0.423662125
Philippines,PH,PHL,CO2 emissions per unit of output of domestic controlled enterprises,Metric tons of CO2 per million US$ of output,ECBIPD,"Publishing, audiovisual and broadcasting activities",0.496601332,0.764843356,0.523255187,0.534794857,0.506289118,0.55000887,0.51683885,0.697445664,0.580957733,0.524480226,0.500172737,0.491201522
Philippines,PH,PHL,CO2 emissions per unit of output of domestic controlled enterprises,Metric tons of CO2 per million US$ of output,ECBIPD,Real estate activities,0.43690073,0.645444257,0.42602195,0.393448839,0.365918647,0.352590976,0.304106534,0.328364363,0.304562931,0.289478095,0.303939536,0.259742939
Philippines,PH,PHL,CO2 emissions per unit of output of domestic controlled enterprises,Metric tons of CO2 per million US$ of output,ECBIPD,Rubber and plastic products,2.679537316,2.829190037,2.560838128,2.599075208,2.856826352,2.948101307,2.47157296,2.439316007,2.607941397,2.284205686,2.312264248,2.342293214
Philippines,PH,PHL,CO2 emissions per unit of output of domestic controlled enterprises,Metric tons of CO2 per million US$ of output,ECBIPD,Telecommunications,0.416297734,0.467947633,0.397229062,0.432779322,0.420663435,0.464941124,0.49696904,0.575563941,0.481540828,0.491211453,0.433505159,0.416062848
Philippines,PH,PHL,CO2 emissions per unit of output of domestic controlled enterprises,Metric tons of CO2 per million US$ of output,ECBIPD,"Textiles, wearing apparel, leather and related products",0.611664658,0.730618099,0.52225603,0.531103107,0.462808012,0.50629231,0.438977382,0.634973112,0.494078613,0.439550037,0.454895211,0.408631349
Philippines,PH,PHL,CO2 emissions per unit of output of domestic controlled enterprises,Metric tons of CO2 per million US$ of output,ECBIPD,Transportation and storage,1.227511022,1.323490017,0.906571835,0.862987375,0.474166305,1.097502307,0.803957218,1.380302696,1.204202133,0.867815303,1.044899892,0.899676792
Philippines,PH,PHL,CO2 emissions per unit of output of domestic controlled enterprises,Metric tons of CO2 per million US$ of output,ECBIPD,"Wholesale and retail trade, repair of motor vehicles",0.496543782,0.557414637,0.436822449,0.447454763,0.408221061,0.461452839,0.392725783,0.567140838,0.477828014,0.420417205,0.410505427,0.378956851
Philippines,PH,PHL,CO2 emissions per unit of output of domestic controlled enterprises,Metric tons of CO2 per million US$ of output,ECBIPD,Wood and products of wood and cork,0.865199054,1.2420758,0.823040387,0.803003339,0.751599481,0.879342289,0.68661535,1.02711261,0.878779218,0.757411738,0.768056364,0.67423381
